<pipelines>
  <pipeline name="gf/skydome">
    <input-layout>
      <element semantic="POSITION" format="float3"></element>
      <element semantic="NORMAL" format="float3"></element>
      <element semantic="TANGENT" format="float3"></element>
      <element semantic="TEXCOORD" format="float2"></element>
    </input-layout>
  
    <shaders>
      <vertex-shader file="skydome.hlsl" main="vs_main">
        <variable name="gWorldViewProj" value="worldviewproj_matrix"/>
      </vertex-shader>
      <pixel-shader file="skydome.hlsl" main="ps_main">
        <variable name="gCubeTexture" value="texture" index="0"/>
      </pixel-shader>
    </shaders>
  
    <render-states>
      <render-state name="stencil_read_mask" value="0x0000ffff"/>
      <render-state name="cull_mode" value="CW"/>
      <render-state name="depth_func" value="less_equal"/>
    </render-states>
  
    <samplers>
      <sampler name="gCubeTextureState"
                 addressU="wrap"
                 addressV="wrap"
                 filter="MIN_MAG_MIP_LINEAR"
                 border-color="1.0f, 1.0f, 0.0f, 1.0f"/>
    </samplers>
  </pipeline>
</pipelines>