<pipelines>

  <pipeline name="gf/default_deferred_pipeline">
    <input-layout>
      <element semantic="POSITION" format="float3"></element>
    </input-layout>

    <shaders>
      <vertex-shader file="post_process.hlsl" main="vs_main"/>
      <pixel-shader  file="deferred_shading.hlsl" main="default_ps_main">
        <texture name="gGBuffer0" value="texture" index="0"/>
        <texture name="gGBuffer1" value="texture" index="1"/>
        <texture name="gGBuffer2" value="texture" index="2"/>
        <texture name="gGBuffer3" value="texture" index="3"/>
        <texture name="gDepthBuffer" value="texture" index="4"/>
      </pixel-shader>
    </shaders>

    <render-states>
      <render-state name="depth_enable" value="false"/>
    </render-states>

    <samplers>
      <sampler name="gSamplerState" addressU="clamp" addressV="clamp" filter="MIN_MAG_MIP_POINT"/>
    </samplers>
  </pipeline>
  
  
</pipelines>


